video_id,topic
00GYQONkvio,51
01XR3rDSi4k,-1
02joq298HnE,-1
05tG47pv1vM,25
07PxZAgMNn8,6
0A5aCtFrfUI,29
0AmamFc_tBk,45
0Cjph5CvErE,41
0CjzCB9Nre4,38
0cqp7ZuHZ5M,-1
0dj-GwR5T88,-1
0EE5g2ifdaM,36
0gmAjXuwD6w,34
0gsqHbjS8Z4,22
0GykDf4Ztvs,51
0hePvDEOZYs,0
0HICFV2K1HU,-1
0ikpwCTemno,30
0iO2ztxGVOI,1
0JqH1_l0b9M,45
0j_z0xHF8DM,7
0KyhPPPX7mU,39
0MvljHfZMoc,-1
0N0LV0mqTYQ,4
0N7xUuS0zTU,54
0nIQGUY5Piw,-1
0phnFAMj0sY,1
0PMRov2dIQg,0
0PqqnUB_9RE,13
0pw769yqM2M,-1
0q1EiVDRLWQ,-1
0Qscbw8Nn7A,3
0rBs4olVM9k,-1
0rMmHaLX6LU,-1
0RqbsHlqrUg,-1
0sppw7Zq35w,9
0T7XH2lb6sQ,-1
0tMlQX1lpGo,-1
0TnL_quZjQQ,-1
0u7jC72QGno,-1
0W92jf5K8Pw,14
0XaWLRaTtfM,4
0ZhPLzyNz9c,14
10DwOnDPUwc,21
126_DoZlP9Y,-1
154UuRusL-8,31
18sRBW-m7E4,25
1955CTVDc_o,5
1agKagI1dT8,31
1aogY1Tm2Lo,9
1AQ2bOV96Ds,7
1BeRKy_qa7U,31
1cBhBi4peGc,-1
1c_bZAMJEoo,12
1CDBYz5BDEI,-1
1DGHbc_PQTY,-1
1e2h-awLC-s,5
1EV3K6wJUQk,13
1gz4duPT5CY,35
1iGaFfnazHI,0
1i_QelwRJOQ,5
1IT49BGU0Gg,54
1iUDYR8OyXU,6
1-iV9HhFzpA,22
1kfML4drTLg,33
1lqwpTRT0-I,-1
1mBNn49HU98,-1
1nRPRFdXVsI,8
1onkZGsknsk,1
1OtC6g_tyuI,19
1qEhd-QIxVA,-1
1qPgmi0Fj2w,-1
1QyZc7Rs3c4,41
1Rg3Ex3RshI,-1
1s8PHo7SpNg,5
1uOWaU_5o9E,22
1W7oUZ8EVbI,12
1WxzEK4fIG4,-1
1XqArmFLd6g,0
1xrKMSySQOQ,28
1YadWXms4Pk,26
1z8yaQVBGfA,7
1zBRm4HvuSA,-1
21vWvr6Ypfk,-1
21WNv6F7ZO4,-1
24fDz5XWvrY,4
24H6FcXTiWY,-1
25fgYtVSZ9Y,-1
26ZGk1ihajc,50
28M9LQakitM,-1
29cseVKT_U0,-1
2AagWXtg4gY,1
2AePwws9EGw,-1
2AmIjHhrX8w,52
2bceWtli4o0,-1
2bEuPAFDHn4,-1
2bTjr2Fk99A,-1
2cmNy-5Ahjc,-1
2cocDtxotBE,2
2D4Hcw0eX-g,9
2dtcM8Si_bo,49
2FZ2AGo6Kec,-1
2G7jSglqkSc,-1
2Gw6gLBPvA8,-1
2H0B9cj3CI0,12
2HI61Tvwf2M,-1
2hIhFlNMFxY,9
2K5C4tyMWBo,40
2ndADYA8Npk,-1
2--Nhxasrew,29
2nJDlm2Uz_Y,-1
2ogkuhSNh1A,50
2oMJdbqF5dY,32
2Os_LHr69kI,31
2P9b45rH968,3
2pT7cuSpN1g,-1
2qGe9ctFP1o,19
2qURBcYOSw8,4
2T15crw8hU0,-1
2TGQaXafQVw,-1
2tGZA-F1_n0,-1
2tIiB5Mx-uI,-1
2TiROf0m870,-1
2TqeZ8CJ6tw,22
2uDUNSdAdb8,10
2unELGOein8,17
2VLfmT5J3Yc,31
2wR8fWddfuk,-1
2XkDr9tZ0RY,-1
_2xXQOs6pEQ,34
2yQpzk_xhH0,35
2Z3RcXlNaMw,55
2ZMj3XpeKGg,-1
2zOe9Kd2n-w,-1
3-1fQy_SZjw,15
31lsU24vhE8,24
31NLE8h2t3U,-1
33v_W8V2Pow,-1
35BjK5JVpro,18
36WUUwSo8N4,31
3BgdhHXJ-CU,28
3D-YAjf19jQ,31
3EBIbec2UHA,-1
3eHewXA7Ez0,26
3EN1UM0aYyA,-1
3EVUSRTlHEE,-1
3fhU8N99GHQ,8
3hZjy_6qCbA,33
3IAQoduxAxM,15
3iM3hbKvKLU,40
3j6fD6CaOd4,-1
3jUJYPGaK8M,7
3jXgdKDOfuU,4
_3KvgT4z6y0,0
3l2eKL3MVBE,1
3-LRU-lsayw,-1
3MX_omZ70HA,27
3nWpNBBkyu0,42
3PU0S-VyLWo,-1
-3qs1YKMKNg,-1
3QWIxElEnc8,4
3SSNhafDTwU,3
3Tfs3NLZEa4,-1
3The1PBDRoc,13
3usPQrX_k6A,18
3uXkIGKwhao,9
3V8VJxYHlRA,44
3vEus7s60Gs,0
3VsxjbpMTao,10
3w08phOWRj4,-1
3W5yfis3KTY,7
3wqOyE7jxeo,1
3X30suG6igk,-1
3XxVGrQb0fw,44
3y4Xy0Gk1uA,8
3y5p7V05xls,34
3yHeJ69AxQ0,-1
3ZeQJeTpVMI,-1
41YbGBZkaDk,0
430UIt6mLW4,5
43gyezZiarQ,12
44HVIiR4oO4,3
-4-5LEn9M84,-1
45pybsbsvLQ,5
46ULM7NLhsc,46
498-bf2BhgQ,0
4ctkBMCGCyo,1
4d31jOrnzmE,0
4DAwAHnl8tY,37
4DNOc2dP_X4,25
-4E8qm3bVek,49
4fH3C2UNMnc,-1
4FNDWA_YfwI,-1
4GPE1rIVAqY,23
4i2j8x3SCMY,38
4JGfJTjPGhM,-1
4jHEXJR8Z-g,17
4Jvq0UUtqgE,1
4KNE2zOVE0Y,46
4l5w1BCfVFE,6
4LIf6aVALm0,25
4LiTscihbuo,33
4L-tyBEdtUM,53
4nd1CDZP21s,23
4OWlQl_yS4Y,2
4PTl27tTmfY,1
4qn7ep6ZpRY,-1
4rhStjG0XVY,26
4SJci-UBY9Y,-1
4STxr-mUxT0,-1
4uS-H6x6aqk,-1
4uzi0rkHCpI,-1
4wVGKfTI1zE,12
4z6hCJVTwcI,-1
505kOstzPoE,11
58DxcOs-A0w,20
58kdlgKvEU0,-1
5AB2l8Cehwk,46
5baemtRPzEU,7
5bhzvhOyGy0,19
5BIuINM96Q8,-1
5cM6dwkIrFA,0
5dJLphFSUDk,33
-5eliLFIKhw,4
5exo1XA6QEg,8
_5hcxlzxjY4,-1
5iYOdgYDtSw,-1
5kLqdD8PmSc,-1
5mcOOAkp_x8,4
5mxu_A-BuqM,52
5n6lDNacfk0,2
5nKRuE_MOrQ,-1
5OLtM0v-k2E,-1
5oSTqjidL4s,31
5P3zVXWT1W8,21
5PZMwpbaJ4g,-1
5QdPcuH3FjA,-1
5QMy2YXWxHU,-1
5qNEAgcCT7w,37
5QwoCa6Ssxk,15
5R2w5f5BLIg,-1
5rEYnz7wIOs,50
5tqgjeeVmnw,8
5uMW21UfOSg,-1
5UrVkZXVHcQ,5
5U-U8I_Rfhw,-1
5z5KT5pRmUI,-1
60Eb_t_ME8Q,-1
62QNG2YJajQ,10
640vIyvvxOY,23
6536kS7205A,-1
67WSktDKn40,23
693UD3V1KSU,-1
6ANbVHDae2w,-1
6b9qmv4uhcQ,-1
6BnYSql0a34,19
6CWq8wyS90o,0
6eeKK2D7Xs0,-1
6godSEVvcmU,40
6GyXBKlHu0g,-1
6H0OkGbjubo,-1
6H6-Pwny--4,-1
6JjRS4rz7A8,-1
6KGYCU_INVI,49
6kJzzo7deDY,3
6kXLz2DXx7Y,-1
6L4-BWP2f-s,17
6LPox8Mma6g,8
6lzS_om3nU4,54
6mGpmsZepvM,19
6P1hn2iTLVQ,0
-6SNLtm3Iis,52
6t3sXBz2RY4,11
6TS4d-zqRFA,3
6u0azgiH4dI,20
6Ux2U-AJp3E,-1
6vcWwuKWvIU,53
-6w2dZfqKBw,-1
6Y_z2JtPl6M,-1
6zzqQput4CE,3
70669ZJdmWg,3
70sUgz0IqiY,26
71wM2TgL6J8,23
720DQBVYegY,24
79Ulkp6V-Tg,18
79x8m8ck5mY,2
7A6LOgqtHC8,-1
7AywxObPgeM,-1
7CceEyd6AwY,35
7DX9-iW8kJ0,17
7E7foGMgW14,-1
7EhM8uwoYo4,-1
7eMQ1AGlA1E,39
7Epg7jynWa0,18
7-ex2qeAkdc,-1
7fofx_vVHvU,26
7hI8uA3sC4o,-1
7hj1gnmm1s8,8
7hsD1mWp8pE,43
7iD6L-4glww,-1
7_IkudJVoU4,8
7jDPsBh2AyQ,32
7khssDVKKXc,-1
7lmmDqW0xfs,-1
7P29lfYJLw0,-1
7_Q2xfoSiuw,21
7rdcIqCSQuk,6
7SFhQBxdznQ,41
7_T_igJe7EA,15
7UikFbVuS5c,-1
7VaHh9EUcfE,35
7VfSCQnGfk4,-1
7wEJ5QFT4b8,25
7w-fahak9bg,10
7XPngxfKM9Y,-1
7xXARKA3O_Q,-1
7yiBQ7yD-G0,9
7ZkptkAW_JM,18
7z-OAmqE_Vw,-1
84Vql_LcyPc,23
86JoC1PTmnE,36
86sYinrLuPA,12
887f47tPyck,22
89YLDv7Rkpk,16
8A0qE24aiEM,-1
8AGAUNmym_M,-1
8aj241Pf8vQ,29
8bAEuX2w2Ow,51
8biBQ18wApY,-1
8CRBecuDPrY,4
8D5dBZ3WD_A,-1
8dRZk74OyMk,-1
8ehP6ZcvhFg,13
8gKBwOLGDBc,9
8H-mJlp16jc,46
8-ism9vC-a4,-1
8Jdci1z0DJU,15
8juXAIjmBPc,37
8KaDTH0kWNo,0
8m16IoLr-GM,7
-8Mlgw2K6eM,-1
8pQBdZ3RdfA,-1
8PYhEWK2wVA,4
8pyPnIhAHhI,47
8s5KEE9-JVs,9
8TkbP4XfggM,3
8TL-K-dc4n4,-1
8uT05YjbEoY,10
8uypYN3K-3s,49
8uZ9ZsPNkcg,0
8vbe5ph3uCw,1
8vbGBJGZg1s,32
8vRf40bqXAU,8
8XFdaOnx-Gs,-1
8xjGLBHAF28,-1
90adCirK5Sw,-1
90tZ7An9DLM,-1
932eSyHbUgw,-1
93sckutXQjk,-1
96JkqXKwDeo,0
98ZD65io6aY,4
99lcFWxQjSs,10
9a7xpCAiYcQ,9
9bkDU2juYU8,34
9DuW7NlMqxo,7
9EczG_jGhGA,54
9G3W_Fz8kXg,-1
9hjtQwj4qqI,-1
9ILKZIMfx44,6
9J79-kVq5sg,22
9jB8PXg6zJw,9
9kJu2P51TF0,-1
9mDK9dquUHw,-1
9nvwdA3UZZ8,22
9rtwTzgoD_0,37
9TWCL0oJF0k,-1
9UKl9WOihBE,-1
9wNKuMyNafA,-1
9XVXD7Ar8Z4,7
9ZVFhGgIomM,14
a1GD2SJDT-o,33
A2LTyNuxAAY,-1
a3IIYz-UlK0,-1
a4RhjdEiisc,-1
a9fU3t1py2o,-1
AbwRty416Q8,-1
AC3AmMIlNbw,53
ACI7xDjajPg,10
ACrofIeRN7Q,-1
aEGukyCsHMg,3
AEYSSpEUSjY,6
Af8UZZldDkw,-1
AFceCu-cXEc,-1
afmZNzN4PYk,-1
AgABB2PmzkQ,-1
aGFqdVqDhqo,55
aGGlz1XDtH8,21
agsEaSF4KaE,1
aGYtQAHl7FM,-1
Ah5E-TyWYvU,3
AHA59zM38pU,17
AHCCxQ-cnao,42
AhXOE4ETKiY,20
aIgHCOzx5kg,10
Ail2JTYQBvg,0
a-IuiEmnML4,55
AiXiyLJz8-U,5
aJ61ddqfIuI,29
ajfePjghpA4,18
aJzBiFpCZNY,-1
aKHov_Nuhso,5
aKpN9cs5KXc,7
al8OrbSAO0s,-1
ALa1Lm2hTo8,18
AlctqZwHnxc,-1
aLm8Z8udEvk,15
ALQM0WKBxvY,50
ALtk7CSfrvQ,12
Am_DDCzFmAM,0
AMfeduZI8DE,23
AMK1HZMdyiQ,6
Aml2WB3Nqk8,28
AP_3nc8seEI,1
apCxknrc8VE,-1
APmNktwCK_Q,-1
APMt3dO96Js,5
aR8GcGLWmDU,-1
ARfW5Juhe_U,24
AS7wrOX9q4w,-1
a_SSqyKksuo,34
ASxINTi_jAg,21
A-T2cCCIACk,13
atlzcVoUCZo,56
AtsxpnXYbVc,33
aujiheOjmmQ,43
auwsCdUDMwU,0
auY9uQTqeME,-1
aVJfCgKugAI,-1
AvNCvCKJRBg,2
AwDdyvHNiJs,6
AwKiOZwmNWo,9
aWz5n_cOqrs,-1
axpYZJJ3MW0,51
-AXVveJYpVU,40
Axwggf9mS9o,48
AyiZ-_KyZyA,44
aZa6t4vlmMw,-1
azz4dzlccbg,33
B05belFSkTI,-1
b1YRDGqp9kk,1
B_2pmMwX9lc,33
b2RhXCugEW4,12
B3mAfQ32Njs,-1
b4gNcjuu4LU,-1
B6GZp-cVskw,-1
-B6TXF_UJ9M,51
B7GOmgRXJOM,54
baUP0m6-pQk,20
bavdneN9sKg,4
bbpryagkiro,4
bbQnnAbWBfE,-1
bBtRDJD52pA,0
bbvz4j-oPrM,-1
Bc_2P3AGkeI,-1
Bca9jGaHmLA,31
Bcy2aA-Opbg,10
bDhqTf5eJH4,13
_BDRRsEyarQ,8
bDrXECEiJ00,-1
bDvHCgw29NA,11
Be7r-jaEYDo,41
-BEdhS9-cno,5
beLEmk_FIEM,6
BfThtZJPZ5Y,-1
Bg5crCX_qr0,-1
BGkQpmdqgPY,-1
BgTLgmOMYx0,0
b_H0V1-kQbE,-1
BHf0L8dZJbE,52
BhibOPEhwg8,44
BhiR_vZbRxk,-1
bhlUCXoi_Ik,1
bHsPio5_PR4,45
bHXa9vazbIc,19
bIh1UkkxAQM,-1
BIMYj2v1S_c,8
bIVrE2229WU,16
bjoPlw4VLCU,6
bj_PSYBCUsM,1
bkQ7lE3cGwo,21
bLbapI5t8no,-1
BLNHI3XgJWM,0
bm03_vliJbU,40
bMa9dAYdTE0,55
bMOF0Go6brw,2
bmvBTDPzzaY,5
bngPWkMf_xQ,32
Bnh3b9xj8ik,-1
bniu1U6wvR8,12
BNmAqJnwoP0,25
Bo6MZr6BtCY,-1
BOAFLuwpGLk,11
bObLBLB1OdY,-1
boCT4IbZPpQ,-1
bOolUj0K904,-1
b-OsnGdLGwI,12
bOzs2Iel40s,57
BpiZSAjgGMc,-1
BpKF-lCxBMQ,15
bPmsfCZJpak,16
BqR3YR13fqc,6
bqwVNmNqtXE,45
braTlcWen0g,-1
bRBd7wTjoJg,4
bRN02ymah9E,13
BrU85ut8_fs,-1
BRvbh8xCi4w,-1
brX8kKWDt5Y,-1
bspDSXMfU1A,-1
BSrVuZ99Tgw,-1
BSrymhSn6I8,-1
bs_Z7GRGeRw,-1
BT4gsZBpL0E,0
bTCiBNjsawU,-1
BtPeF2Vfj_0,45
Bu8fxO-davw,-1
Bus2ay2J3Wg,-1
bUthNYRfBqU,-1
BVh2Tf37i_w,-1
bVuxSAYxCIE,-1
bvVsnSku72s,-1
bvyyd0bP9C8,28
Bw3871NdUXg,9
bWGOe1IR2-4,12
bWUu7EB1AMw,-1
Bx6ju1tEZ14,14
bXgB6-AxSZ0,-1
BxU-MJxI3Hk,24
by3XapO8MBc,19
ByQ6LCWJ5dk,17
bySteyZKwx0,-1
BYVnZiL2ARo,15
ByYUd6DESQk,-1
bz7lSpNyyTc,23
bZLw4DGtTbA,-1
BZPRX9X5V5I,-1
BzsLbHoNXTs,40
c22us13iigY,0
c4YifYKSBtY,-1
C5qfKaVe89c,53
c6mRqoL5bHY,2
c7FgphmzFRI,22
C9NcbIjQTMU,3
caGtn0aCZ5M,17
CAhhx_gG1UM,-1
cakQlmA5acc,3
Cb3BXbWKDv4,12
C-b8hYFAcAs,1
CbDzayqpP-A,38
ccANklPhls0,-1
CCi_7UM_Blo,31
cCu2VTKJwC8,-1
Ccvi7MnQX58,-1
cc_wtkNNPRg,3
CCWZtrDR9iw,15
CD9z7mc_JTU,1
CdFzkWvorwc,-1
-CEaUaxQpEw,13
Ceeb_fUNXZg,3
cer73kLvBO4,46
CerQFsM7fWs,3
cfbPdL-YKQo,53
CFnymGAQA0k,-1
cfop1MEt6cg,0
CG_1RR_a8Cs,-1
CGIEjak1xfs,-1
CgIGel3zXEI,-1
cHcx1IgoDjI,11
cHFD2ycNsBs,39
ChlfclFYENk,7
C_HMnZwijwU,33
cHPgIpbnnBk,-1
chuEIMgxnpg,24
CHzOedHm_kM,-1
CijfKUEfOsg,28
ckjoKSjQnnk,6
cklvQ_QX8y0,17
ckNUjZU1QF0,-1
CKo5aB6i2x4,0
CKq66Y-nByA,0
cKrxP44Gp_0,-1
CL1jF5kTELU,35
ClzxFgC3XRg,0
CNmIsWIavvY,22
Cn_n8GL3XeM,-1
CNRziReRiOY,-1
cNyiAFxUiLk,43
co5Gv8HPzcM,14
COHThDr1uvg,38
cojJ6fOwVKk,16
COlSfNEsPZA,32
comR52XsK4E,-1
CooJi1I6V1E,0
cOtxqjOqK2w,20
-CpgRfXOZmc,34
CpX36VRAvKw,11
cQFEon5vdqM,7
CQmaztM0RhY,34
CrkSfIhvO5g,21
cscVzF_n9R0,1
csPWWURmxLo,-1
cTGEvqN6MMQ,5
cuJW3jHNR_E,0
Cv3bj1M96fQ,13
CVcx_MkJiBI,-1
cvHhAz-vKsg,-1
cvhZ5AGL-8w,5
CvM9spJ8Fns,50
cx0cp9sTWlQ,-1
CxAAiGz_TlY,6
cxBn8aeeliI,-1
CX_ov9N91Sg,-1
cXw8cJolE5Y,44
cYb-Zq0fA48,34
cyKEfejsVps,9
CYWM2ZY7E3s,-1
cZ2yT8WASwQ,-1
CZ9K8i9CEQo,3
cZfeAYf2gjU,-1
D-0wUYIyljs,42
D_1eRqcJnes,0
D20qj7FIgDY,17
D262aNu813Y,1
d2awq1lMRN0,-1
d2y2ZrLTDjk,0
d4pob_DtH9Q,55
d6GZgu_TnGY,-1
d6pF4vq9Y9c,43
d7BGKU7fYp4,10
d7vw2zQ8-64,-1
-D88j-dYiIY,20
D8ft0PHdVlU,33
d8stIyg-PhU,29
d9ILmB4ua9Y,20
d9vSkgdNjA4,-1
DA3mOTcFCIc,8
_da63CfQ5gQ,3
dacFlsANHSo,26
dAOEZU077Wk,5
dAoyyZLwQ8w,21
DbNDbdBde9Y,4
dc1vraUb0o0,42
dc8K1rt650U,2
DCEJQ2pQCF0,2
dCGv5ZWC27Y,19
Dcj7Z7oUm-k,42
DCYsGTEU-Y8,3
Ddfgq3K4_vY,-1
ddJP4HrKBSw,3
DDLWEQs5VTc,0
De245b9hRw0,2
df7oRrmn8d0,15
dfE1sUPwijY,0
dFmClqX3GdU,0
DFrjtOa18yE,0
DFR_uZFdvG0,16
DGbNwB9eBI4,-1
DGK_CY7U_io,21
dgRSfhoHE4g,21
dGrybv3Bv0E,-1
dgWu_sIslak,18
D-hEvvfRCl8,3
DhNcClbtcRg,0
dhoGCej2MGI,-1
dicN0ZkWa3I,-1
__Disx06tE4,50
DiZx_A0X-60,42
DJJXkQ63N3c,5
DjlUAWBvxYI,1
D-JvqV88siE,19
dKHaDu3AHhI,2
dL5blJtBefA,-1
DL5qDFDttps,48
dLArYUxsR9w,18
DLe5dkaipL0,13
dM10IryoiZU,55
dM2UIEmfHNc,0
DmL1tmL70Z4,-1
DmpDyxWuRXA,-1
DMw8G3RPWrQ,-1
DNG135d4wHg,31
dNO9hsiIloQ,41
DNS3RYOYV0w,-1
DoaZb7ftgPk,6
doMS8sYWyNk,15
dPDTQEG2jKo,35
DPrOQhf_q8s,-1
dQpakiT4tHI,-1
DQpXbgd4Clo,23
DQ_q60z09TQ,-1
dqWTprtrHmk,8
dRFSp-_Z8FU,27
dsjms8Nq7kE,13
DT_0bl-WqYE,11
DTbJqr8-MXE,4
DTEdzXiq9bI,3
DTpzdxWPW2c,-1
dtqq4ZpN1pg,23
dud8iYkyArs,14
DuTBnZFhjzU,-1
dVp_Gx6W3AM,-1
dvq48pfJa9w,12
DvuVhCIQgfQ,12
dw8MfD_oQ6I,44
DW9JLSyYVXY,-1
-Dwkz2SXHnw,-1
DWOkr9accic,-1
dwQ_mHnd7Zg,-1
dwQs1nxb0Fg,47
dWS3A2EAwTk,49
DWvr7yZ_UVo,46
dXm2NM5Or0o,-1
DZ0UvkjUsVQ,21
DZvVaOwJNk8,35
e0ec2-E5Xq8,55
E11NJOjW_iU,3
e1ndqAkiQZo,-1
e2BNC_DFHts,1
e35d0LReV5Y,17
E4G9RDFWyhY,0
e59VaZF3H80,6
e5LA8raT1Ss,6
E7imbL_XX_A,15
E80ZpmvMqjs,-1
e8ekN9Hu--M,-1
e9BcXt179zU,0
E9gXBsr2rqQ,6
eACv26uAG5I,-1
eahvaGzzPTw,28
EAjI3uwmDtU,0
Eaqb0qeOOeY,-1
e_b5mfu_Jxg,1
Edi-3t1n6dU,34
eeInM4o66gw,26
EFeX17tQFXo,-1
ef_JenyvDHw,1
EfmU1ztPaSM,19
EfpFM712_AU,-1
EGhgPpLEvuk,-1
eH8zbu_P4x0,14
ehCW4YHHtu0,-1
EHIS8v8auME,26
ehpGx-5WzJ8,12
EIZOzKCV9Kw,22
eJ0L_Xawgys,29
eK-A7GVYaAw,7
EKUo2C_mnBk,-1
EL9CumFxXK4,42
ELf6zEnvhjg,-1
eLiJpl_F63s,-1
eMnMLoWjwc0,14
EMwozAt7NOY,8
EmxJ5xYFeLA,49
eN9acBFyodI,10
eNxD2uYmnv4,-1
EojRIaVZvkE,-1
eor7tiuS7T8,-1
eoVkQDDNa0g,16
EOzD0Khshhc,40
eP2yiWBOx_0,-1
EP--_aBLQH4,22
ePehwMH66-E,3
EPH7d8uWQso,-1
epRIdhwiICU,26
epXAQjBx7KI,-1
e_PXjtwfNBc,34
eqC-A560jK4,11
EqHWrtBDuU8,-1
eQiOPwvzTbM,6
Eqnq1m4EYVk,-1
EQP5O_mbJho,2
erAMY-OcBiM,24
ERAtPcceAGk,-1
erBFSsyDSRk,20
ErfG8bmK_Pk,12
Erm3Pll2jEU,17
eS_64GuQpMM,-1
Esx7fHzs-H0,45
ET2__BGIZMM,-1
eTrI_kWet0c,2
Eu2_nWyrIxY,1
eu9uvBYsPXs,47
EuAp-G6WFcc,-1
EuiaKYE5ZEI,45
EULkzo-BXAE,18
eulzJS-2R9w,30
euXrlVW_V1k,-1
EUYZ887uLtc,0
evhWIyUsPTM,4
EW3zcZ7LjXY,-1
eWFtFtQrViM,6
ewgU8Fs3GWI,-1
EWT9rjpjTRc,32
E-xtn0G953o,-1
eY4E3tV_bcM,-1
eYF4rk8MJXw,1
eyj3VHiy5mQ,12
eyV0qZtbKDM,13
eYZE1p8ISds,0
EZ5aATZVqDo,1
EzE61P5FUAE,33
ezF31CwFvpc,20
E-ZptA9MyhE,-1
eZXV0nNfdsw,2
f1Zhuln7Qs0,53
f2DbcMUtRfk,5
F4KRQwIBxfg,16
f5DKrHcrhM4,0
F5JadFdhy9E,21
F5vq_OM5xF4,-1
F69ba1vS0oo,13
F77xHSKSKc8,-1
f80giMf-tKM,-1
f9xMioSat9E,13
FAoJnstMSwM,0
fayaDRGBkv0,35
FAzsArI7QJo,20
fb1COSnMRvM,12
fB2OIbIkczk,25
FbE0MAoC21Q,57
FboapMGvZYA,24
fBpVA6z_UMc,7
fBUC90eib6A,9
FBXkbx4dm9k,47
FCA0j-Ft8dI,-1
fd41IXXImxM,14
fDmBkrq30-U,6
fdpLUbR8Q8Q,-1
fe6ZYTfWRik,5
fe9qZSRF4HU,27
feneycINJtY,-1
f_EONDxuD_E,4
Ff0WwKsa_9Q,9
ff1C2ku2J2U,-1
FF8f_CQIyfQ,-1
ffFdqC73N8s,2
fFsH_l0bhU8,-1
FGEBcE8H2w0,-1
Fggqhbm8J3U,-1
fGPDBHLIcBA,-1
fgtUC73KU2M,28
FGU0pUFZanU,-1
FGwoFvrkKrM,56
fh518OdBpbI,2
fhCBI3cynmc,-1
FhD3RjFYK6o,-1
FhfQoFZHNns,5
fHWQe0zIpL4,17
FHXynK4kqto,-1
Fi0q7O5QvO0,5
fiZVRFykgeA,20
fJOm1zXvVcs,43
FjrjZh1Nris,-1
fJWmCx3xLXg,57
FkFzTOWuWt0,39
fKWp7R3zXG0,47
fK_xUPOA1c8,17
FlddpRfY0NI,9
-FLJRj1wFvY,44
FltjA7KZd7w,23
Fm0pEZEo3xk,-1
FMCAVDk5YMo,39
FMeNI3a7yZ4,14
fmMMKSprX98,-1
fNI2tx6ucjI,20
FNJO1pZV-I8,-1
FnveZCPyJRQ,16
FNWtHaKHfqk,44
fOuM6nDNofo,4
fpINkIx3saI,14
FPubnJcCxRU,43
FQ1d5rC062c,12
fqw9tbebRZo,-1
F-RCG93iM-0,4
FrqpIqh4a2M,6
fSHG19MMAc0,11
fszSLflChFg,26
fTk9yj1WjkU,-1
FtkcjHZFluI,10
FTlfqJuQb5U,1
fu65PqBbwUI,10
FUfrMLriKbg,40
FUj3-B4yI8U,-1
FuLG0YkFGEQ,-1
fUnd7XaeHYc,48
fuNQnza8Bx8,1
fUXacwFXmjo,45
Fvi9YXO0nVY,5
fvj7D2DT1JQ,29
FVoJZo0xXZA,50
FvrAC37Volw,57
FVWgMwQiakw,39
fWO88W6mF8c,49
FxiIbh_7L94,18
FYGjlYR7QuA,-1
_FZUc_AmBvY,-1
G2DHl9R3B2Y,-1
G2SqTWNFdyU,-1
G2y0EEnQ9Jo,-1
G3VU_brAnh8,4
G4iTjvQ9qDY,43
G4pXXetRtLM,-1
g4WPTPvQD0I,-1
g4yT1mPc5kY,-1
G5qMU17JPKk,12
G67DbO57PNE,-1
G7ctHfHGVII,4
g9bTRKlgI9E,-1
GAAKgFT4S84,-1
gaFianJ8x4M,1
Gak8dSwiASE,1
Gb19JTZ4c-Q,-1
gb97Qj_3kqw,16
GbvfZBHtGv8,-1
gbykZnJcNAg,-1
gC54c2JH7Sc,32
GCFhA79lla0,-1
gCsivmxpBCw,25
GD6pt1jSnW0,30
GDTl3wpXFsQ,11
gek0W9Tm8ug,-1
gEL99VD5BvY,32
geSWbfRJkeo,-1
GevxekO9Kyc,2
Gf9RwpUc23M,-1
gfuPfzBGbVo,-1
ggNcR40FqW8,23
ggrjYl6tTV0,5
Ghty6m1JTFQ,-1
GI594-ha2SQ,29
gIHGcsjg15U,26
gI_YXJ-omBU,48
Gj4srP4yfGQ,35
gJk6AH4v4WA,-1
-gKvNIY8etM,-1
GL3-d2bgOJk,-1
Gl48VJIXz48,-1
GLwVWrpzhYk,11
gm04964raGY,1
gMBuMAtr8xk,5
gm-eQdHIyyk,-1
gm-jlX2N5NE,-1
gMpMd_7D_RM,-1
gMVidhAyy-w,21
gnErGtBoGo8,9
GnoyahuJ_t8,-1
goa-8L5fdIw,46
godC8AV_52k,-1
gozDB-J3AVw,8
gOZT3XBIB1Q,-1
GqBnXFoLX3w,-1
gqmUm01ZfS0,4
gqwjBEf3znc,-1
gRQDe8lU4Hc,37
Gs2Xy9kMcpk,-1
gs8Re1TXFag,-1
GS_DbSgHnFo,-1
gsjA3ZQzybA,50
Gt0RCMWiIv0,18
Gt9cr8E1nGg,-1
gtDKBuXPV7Q,-1
GTXsobfEXDg,36
gTy2-DLmbu4,-1
gU3ju48hS7g,10
gu_ANFKBeWw,0
GuJvDliyaJs,-1
GuyQPL22qmE,17
GvAfRnu5A3U,-1
GvmJWbhMX1g,-1
Gw3uvgqZR5k,-1
gWgx734KUqQ,39
Gwkwy4S1mHQ,8
GWu7kwlzspA,-1
gWX1xuXAVw4,33
GXOkfxxpjB4,6
GY3r-4Yu8dg,0
Gy7ccM9v3Vo,28
GzDT_FVGUqQ,-1
gzSxwbTNLwc,1
h1v6MoZT5Rs,3
H29GopTVZnQ,23
h2iH62Dj83g,44
h56NkiN-AMo,5
h6XRl_Wc_iA,4
H9BIjux33_E,-1
h9GzGsJbNyo,-1
h9MbRLrlazc,14
hA3HbxYXf1k,-1
hac5Zh-Z6bA,48
HAujA1Gox9E,42
hbgC4-fRhtk,3
HCTvwy4qsdY,2
Hd-csr9WmzQ,9
HDQaPNKjujU,-1
H-dsknYw-wc,34
HE9-1AwZq2E,37
HEZRebsi-qk,14
HgdxGpumSTU,-1
h_GlqMJCUJc,41
HgoLqbbHMms,53
hgwg_c6sNKg,43
hhcDEC-zPyw,-1
hh--cWON0MQ,4
_-HhpXNInk4,-1
hHsYHVnaRNA,38
HHwMzlsuI-c,-1
HIaC2PJFDKo,43
HJJHjJbruBg,10
hkE3His7hs0,24
hKnRO7CMTAs,26
HKwYC-1thKo,-1
-Hmazl3RQnE,3
HmI_VBp9QU0,-1
hmJ-zhczM7c,-1
HMLlpfiHjsE,8
HN5BoBlY0MU,1
HnFdn6MANIc,1
HNje-HuIYdI,1
hnSoSK2SF8k,-1
Ho0024qvVao,-1
hOEslPKNs54,13
hOf6epE_2jg,-1
HoXplzROmgQ,22
Hq32ZIz1EBE,43
HqrIWxOkWRQ,6
hQRjSn7_BKY,4
hr7Ej-q-lRE,8
hRgSrEU2miE,-1
HrJeIf2n_rc,3
HRkKGDa1yN0,-1
hs5gzh56W_M,9
HsAvXyXyfNU,24
HseyZ3I08EQ,13
hSXdB7ibvDM,-1
_HTC8WZv0vY,-1
htOL5Z3ARt0,4
htq11OOFVw8,-1
Hv-gxF7qoOI,-1
HVvYn9jkZYQ,29
HwgpbQzSyg4,20
hwoAUM81Z-k,-1
hWSoyJ8iLRk,-1
hww0nvRR-t0,9
HwwfoMPTy38,-1
HXP90XxvhTU,-1
hXsRvVT1d3U,1
hYK6Y9kkPrg,-1
hYKdr4ibvDk,0
hzkgIOzBP7w,-1
i0i0RSm2OoE,9
i2mzizQh8HQ,-1
I4-j53VLbRg,23
i5BE-AK4FKM,-1
i6Gy4O-_R7Q,32
I6MWY6wnpxk,-1
i7EUaGNzbBw,10
i7jK_XgzTes,-1
I8o2Xzpbqvc,-1
iAHrpFfsxUI,37
iaVdn2Iya7Q,-1
IAW494zhWGI,9
IBHbq_T5nxU,-1
iBsV30xtd3c,-1
ibTUQEfcP6A,52
ibxThoss0fg,11
icfI_iVLeRs,-1
icjtRyavHsE,-1
ictVkc_XCpk,-1
iD5UvbX4BGw,11
iDdjSfM5JCI,-1
IEc1gti61eQ,5
iEcbLpX_pi0,5
ieLVe-QxgFc,54
IEoGKNaE_FA,1
ieStO3JqWJ0,15
IF8S6czgPfM,-1
iflcK39wJ2M,-1
IFUilP8grFQ,42
Ig8ZBL8-RWw,-1
Ig-Xj5Y2zRY,39
IH31tsRLj88,41
II4bjYOS07U,-1
II8Q1A5Xgrg,4
iIDpRC1ThAs,4
IIPTN0qdFVU,36
iiTJxNhiUtA,30
i_j3Aq9K_z0,13
IJcSnc93EcM,-1
iJi2yb0kmYQ,-1
ikMc0lf8GWU,-1
iK-T74wxkks,-1
Im3q7nM6Ur4,-1
IM70hSzU9ck,46
iMeyTBu11eY,-1
IO0RWuy_5Bw,24
ioa6BjuSOt4,25
IOWelVx5CUw,-1
ipmmR2sntjw,1
IQc2VcWqRIs,-1
IQMQ0DVETX8,5
iRVNCTMwdlU,40
iRxdZCI8gcQ,0
iT3Kqwp2LCY,27
iuzkhXJ_zz0,8
IVEGx2x7GEI,2
ivswTsqCyLc,-1
iVuq0L2xi24,-1
iWASYMdb5NY,18
iwExD9FAZ68,-1
iwJBJGZfjVs,41
IXcD-tcNGds,7
iXdZS76agHM,-1
IXpNr6BLjK4,2
IYcAbQndG_k,25
IZ7DF7jBYW0,23
IZFNtb9_5hI,45
J0BxymT24CQ,17
j0eO-yvanlk,35
j_0KTjY0ZAk,14
J0wMTyKynXo,5
j1l-mLOp00I,3
J1X3U9JX3rA,-1
J2qVgnuGjjM,2
J4ktFkdEhoU,-1
j4L7pjGnKqw,23
J4M5Den94M0,42
j5kSPdPUztI,4
j5qgaKHMw1I,12
j6jrBZQo5fM,34
J931-RA50nE,29
JA61Y07dqB4,0
ja-hlhtRU7Q,10
jBIb9W0IEUk,-1
jBWG33lGwTg,52
jcFjLELV798,-1
JcFPM28z68E,-1
jdKm1UrqOZM,-1
jDl03wtHaC4,19
JdllRGKzQcU,33
JdZ-B65wWoI,10
JE-dgPRkNiE,-1
JeK8TdxDXDE,42
jetFQ4-40vQ,-1
JewG_7ZC42g,-1
JG6Bt5PFrI0,1
jggPbLrQiOU,47
JgkYRyqloVA,-1
JGn3Td9i-j4,32
Jgq6ulFwed8,-1
JGyjtsbLayc,-1
jHifQabR8IM,10
jhrYGkpxgGY,-1
JhWU6xHEwgY,57
JiH8re5GH9k,5
jiIhOgpOWcA,29
JIkfICZ1BSA,-1
JIMgT2WR7aI,16
Jjju1GVckFk,-1
JjtRJPRI6YQ,-1
JjYRJZd7Di8,32
jJZywZOjQsk,22
jKHrGZlNN3I,-1
jLaPwlAMEHI,27
JlMAt7fqy7A,-1
jm2W5bx35EI,-1
JmMgRm9F82c,1
Jncgm0ThnBs,-1
jnH16i6zG_M,49
jniz2BZ5zO8,-1
JnPyjTFBV9k,10
JOJWbV-ufk0,13
jOUoDCuKYbU,11
Jp61rxM2ePQ,-1
_JPP1lKVMf4,9
JprTBxSfVvs,14
jPszqASV3sY,-1
Jq74p0Z2o5A,16
JQjgRR1PSxg,25
jqONINYF17M,15
JQrNBmMo5aQ,33
JREDtvZpCMo,6
JrJiQ_W98gA,12
jr-vBb-VPwQ,7
jSvj70M-IpM,30
JTlP1BdxaK4,-1
jtX6qYM2stU,50
jTXNrPe8SRY,19
JuWFB2C52QM,25
jvkVAWx1ejY,34
jVP9HHIg7MY,19
JVS5OA-akNw,41
Jw7EMtFXfng,14
jw8eVMKSDgc,39
JWgRa03eZGM,29
Jw_indNpQqQ,-1
JwP5eeYjrMg,23
-jWrCY3z3EI,12
Jx3zvAexTpo,-1
Jx60_Z3nSTk,40
JxGRqZWdc5U,16
jxqKCh1K_xc,52
jY-5TbN4Kp0,-1
JYHqWgvtLbk,25
jyLXGh_k57Y,29
k0iUzEJQ1so,-1
K1Bsg2qU6fM,5
K3GVi_sIkY0,48
K3QHHRXWCgQ,28
K3Xp2z84Vcs,-1
K-5vU_EOZtU,7
k5X8CzKbBKY,2
k6vRX6DBS2I,0
K7kNGExm87o,5
K9718v8O3xc,-1
K9VOhOGJGm0,38
kah5uKvj5Tc,-1
kAUuJ-X6A-M,-1
KaVpUzD03bo,-1
Kc8M4JKHiL0,-1
KcCquBXTtSk,10
_KciGyKBaLk,-1
Kct_kqf6DzQ,7
k-DMeweyBdI,-1
kDnMYYzVkNA,18
Ke3a7jMKt04,7
KED1kulYTnQ,10
keJPw9iX1kw,10
_-KEq2dp5cE,19
kEsIL0j0BGk,48
KfnnSiy6NGs,-1
KfQ7piRFYT4,-1
kfqhwlOM8B0,2
Kgb_2qV8_cs,21
Kgb6AvOjVic,46
KGPVrrxgHnc,7
Khqwm3np9wc,-1
kHtdGIMxD88,22
Ki9sxl2t16Y,9
KjmsJawGNzY,25
KJX-8C7OHmw,20
k_KVuh8V7Fw,21
KLAXERA3aNc,13
kLFtKUwwgmY,20
kLkHgIbqeNU,0
KmG-clfkE7Y,51
KmJmvaMIjIY,22
kNBkLhf2Rg0,10
kozi2ovzw8c,31
kPZwR3v_UyI,24
Kq79km2u2iY,8
kqriaA0MQlo,7
KqYr8t6FEdQ,-1
krsPJ2vRfvE,4
Ks0DRZqCgJ0,-1
kSDaqU3OEF4,27
kSKVIZKcxpw,26
KSoZ7eLdClQ,25
ks_sXQFezmY,30
KsVrqm5mxuE,38
Ks_zt9xzHy4,0
KT3PVnXqv4Q,-1
kt6UmH1EflY,53
KtaBlxSi1S8,34
KtkL40jRLvU,10
kTrbGx6_xaU,-1
kT-rP5aM-LY,36
KUfBdI8f_cA,7
KUwjo4YxQPw,-1
kv9p7m1VS6s,-1
KVNcM60IMco,15
kvQWpXqNJ5c,29
kwCp41BqbzQ,4
kWgnYU9rTmk,44
KWo0_ttEl34,-1
kWt6szZ7KVg,8
KyBCMcAlogY,-1
kyjWBSUJglY,1
KyLXDC_vrsc,-1
kyVAsUnqBVU,7
kz2vZr3zM9A,-1
kZ5_p8E825U,-1
kzqMaql641s,11
kZwngUMWG1g,10
KzZ5sY-QDRE,17
l0ApTNs7Xb4,-1
L2MkomSkmPc,-1
L2vJHPAU7nE,54
L37AIJjovDk,0
L4qL-hMTj7M,20
l5GMD587vCc,-1
l5iSZVN_qu0,2
l5qqFgZdTiw,15
l5X7OyMr0UY,47
L6e3XmW0GCA,-1
l7fv70cMOIo,3
l8_AeuMMfAo,25
L_8ekuBnOv8,-1
l8ORd2v07rQ,-1
l9bB2AoPuUY,16
la1C-1iiEFc,-1
lA65-Ud07pA,-1
l_Af_1_mOL0,-1
Lalv4E3jyR0,2
LbApPgkPW5A,-1
LbhE6V1xsb0,38
lbZqUFeAY_M,28
LC6B8f6WR6c,19
LcuS2bDQI8Y,-1
lcXHpDixRZ0,6
LDAxyNaIhgE,-1
ldTMLhTMZAc,2
-LE5q1GgkyU,15
lEAKDo7REHw,0
lerbMc9T6OM,-1
lf2qFBBDihU,0
L_f6V8Wm8A4,-1
l_F7Wam3Nyo,-1
lFAIbzPOK2o,2
lGjI5LkBYRA,39
lGu5jasfxx0,3
lheLeVzQNjU,2
LhI2z88q6gQ,-1
LHoZ6p4CmuM,52
lhtcLe9QbMQ,-1
lhwOPrXgspQ,24
LhzobpbiG80,10
Li8OK7JZtUs,11
lIiOPTBy-u4,-1
liLSbEqOyd8,10
lJKmwM2cNro,6
LJl7c1rcZnU,19
LK05AGW0JBE,1
lK5g4VAR0Xo,26
Lk_SGCNChUs,36
LlaEICB6gLE,2
_lM5dF7mS6o,1
LmJenRFlTJc,20
lMr7hmwuVUA,-1
LN8kyWBrBKk,11
LnIW1p1YLx0,11
lNn1CsgMhWk,23
LOGs1Y1MJZI,8
LojDvrwBcUU,-1
-lOTZRpOvxY,12
lPAzMw8hwhg,8
lPMl5GZzxjo,-1
LpRJy_KNy5c,18
lpsc3vFzJhk,35
LqYpWW1IjGI,-1
lrgkjeBthsg,34
_lRLZYri3Zo,2
lrRtv9YXj-Q,25
LrtVlJU_jDg,5
lRVhADXEFWA,38
lSgM3z0ZUF8,0
LskDuBmNmyY,24
LSUBVve0jWw,15
lszZ5k4dqmE,14
LtkH_KTl3CE,13
LtmRr9w3D5w,2
Lu18adxjwPI,25
LUD-9Jx3odc,11
lUmvoJ8nFq0,-1
LUUWAu8W8Ww,-1
lUVeUSIlQiI,-1
lUxU6KnjNNs,35
Luyor0hImkE,2
LV3KzHnqa6I,38
LvizaKPZPPY,-1
LVqmWJemfJc,21
LVxKF5SuVC4,-1
Lw4dMehQkgs,-1
l-wALRfyUSA,-1
LWV_Zl2qW_4,36
LY4DKo_WAsw,26
LZVTbFuZrNw,35
M1DIwzXlTX4,22
M33JiC7dylQ,-1
m3ojamMNbKM,-1
m4svtVv7oc8,56
m5NNPqibjGg,-1
M5V5LFnaojQ,-1
_m6-8sQZX0Y,1
M7tRP-3q2HM,46
m8nScdhRXfs,2
M90Utt-3VdY,9
M9A5rFO09FY,39
m9gWy5cHQOE,2
maneUFx4j8w,-1
MAsZS4Oj1Qg,-1
mB4RYOPAHkU,6
MbdDGd-9bDY,29
MbJ-zU43WaY,4
-mBnD2korkA,20
MCS_hT7sga8,-1
MD0Ei5agKkE,-1
MDx17op_q-0,0
me0O-MCn4iI,35
mefGxK10bWQ,-1
MetInlGEFZA,37
mFbQv3SnPvU,53
mFJQANTw3jA,11
Mft6chPPhq0,42
_MGm1rUw3D4,-1
MHCLBCqScl0,-1
mhEu2xaKVfc,9
mHMQX2EYnKM,19
mHNIfDN6Wec,30
MHxijcnuHaE,-1
MhZAH9IpJ0Y,36
MId2AotFA4A,-1
mIHEtK3WktE,-1
MIMzD75hz1E,23
mKeeDV5hGpc,49
mkJAwKLzRzU,-1
MKLRsigQCCM,-1
MKMiJ3kxWpo,6
mlk0NAA3I48,-1
M-m0hK0dir0,-1
MMbUTXJBHL0,7
mmqok1dJrVs,45
mN9NPgKpRLI,-1
mO1NcxRUJQY,3
mOCGBrkRq0g,4
MoMDv-hf7bs,22
MoODItd25cM,-1
moqiVNlDB2g,40
moZ_UUC8MsY,13
MPnWbj70TTY,-1
mpRRix8m4SQ,-1
MQ15cXicr7U,-1
mQAqh_MJWeI,9
MqOTFWaZV0c,-1
MQu3Xw24tQU,-1
MReJLcWsnH8,30
mrgx0J2w-So,1
mRHmGQIA0lo,2
mRtMfF131Kk,30
MsgAcRb-kfo,3
mThU-sdywKw,-1
MtP3M9rqNPg,55
mtPfr8yDRJM,0
MTrfaHSTnAM,27
MtrN9iyKRwk,39
MTV9RjeRX_g,17
MTZQBWMqw9E,0
MuOrL186HOg,-1
mURtfEtBHKc,8
MuWmiM0bR5Q,0
muZyOri3o_E,23
MuzZtjq4XjI,0
mVf78JnY-ng,2
mVhdgZMLOjg,21
mVi6gGY8LCA,5
MVlI8GJdDGo,-1
MvOI22BoELk,-1
MW6FMgOzklw,40
MW866O1X9RI,0
mwbxgzcRKEw,1
_mwm67Nmiz8,-1
MWMWTTE-JR0,-1
mwyBMxad-vU,12
mXhJ93Yk0SA,31
mXMxfS6oEig,-1
MxRKG9YHxnM,11
MXUCNAO0yQE,11
-mzfOqtS1z8,15
n13sKCZAt0w,-1
n1AsrO77q6g,-1
n1fWN1Li69g,-1
n4A5eRNyMrE,22
n4jSkOjuLIg,2
n4L4Z0Kx004,-1
N50oUcXZ2YM,-1
n5CzEpYi6n0,12
N5fkQNSaojI,2
N-7Rq5mQNIw,14
n7sLb8_wvRo,-1
N8czwnNtLW4,-1
NAma0IaMhYY,-1
nB8g3n10_Z8,36
NBB0Q5N1ssY,-1
NblOLXSZg-Y,9
NCAxNjNYsA4,-1
ncPVbubFn18,4
nCVECzSFnTY,-1
nd6Uc9lToEw,-1
NdfXtpHwJhU,10
ndNlwjgDwTo,-1
nE787tZD45o,20
neHB7UQ5Fok,3
NfiSZQudg0o,38
NFssqJShcuw,11
nGPKATu4v4o,52
nh49x4fnIzY,6
Nh74-dL5sy4,-1
Nh7-lfXMXBU,10
Nh9bABHbdMo,48
Ni7q69458dE,-1
NIOWs6MC6GY,25
NJociq1KZGI,24
Njwx3vneOOw,0
nKJOl4sjFIw,52
NKpA26JF3Rw,24
NL5NeKeFhxM,-1
NlEwdsgHhKg,38
NLKLqF4MJ2A,18
NLqDegnCluE,-1
NM0wzoWKSq4,-1
nmb-FNftFn8,57
nMHRNhq-Zlg,8
nMM-67dsERA,-1
NMz8KINqxSc,-1
Nn0y52-oA60,-1
nnHaCe5F2FI,7
_nnIpedYv-0,2
nnpyhuOblkE,6
NnTLJtBr1zo,5
NOclpHxSxRc,-1
NoNxyrvrWHc,46
NOTnBTHFl6A,-1
NP1LW6UHa1I,9
NPfeeg70zGc,14
nQiu6HpWyiY,3
nqTPUA6dHVk,-1
NqtYZJSGeEY,8
nQXoM4ilFjc,14
nRb7tEHVIYs,43
nRDWWPPUTV8,52
nRZCIWEolXg,-1
NSIWr3K9350,10
NuF7wp9pb_k,-1
NuHEY7CjjTI,47
nujgUpYIVOE,39
nuZ8G_ERYUw,-1
n-v04AAPK1s,0
nvtbwCw_hqw,6
Nw-c_7aDeUQ,16
nwJCZiLW3qo,-1
nwN3NLREEx8,6
nwURTnEm3eA,-1
nX9CS_E8UZY,35
NxA3iDJQhYE,7
nXJHMc5EhCY,55
NxU65kfJ1nk,12
NYiike6yh1k,1
nyW4j2YeOCU,28
N-Zel07vrro,-1
o14J4h5SWSA,5
o1OEDG47HsY,41
o1vdI1JCEl8,-1
O1wTnESwX5k,-1
O_335jf-Nx4,21
o33gGuW7mBM,-1
o3licAZYIIQ,11
O3wDhO4Loy8,-1
O4MgZNsVwew,-1
o6dogAPB9gQ,21
O6M-8TeR5ak,0
O7-mGnRsH0s,-1
O8BQUJjLeBw,-1
o-9aumQSTXA,28
O9mqIIi2pqM,1
OAbmiSXzFrw,-1
oAI7aNGecaQ,-1
OAMcu_5SSpE,18
oaXfYIYDRXg,29
obJVJSPGMnQ,-1
obX7fthgQHU,16
oC2RTC7OvGA,12
oclopygpcew,8
OcNTwEfo4NI,-1
ODPPQJIjTmY,15
OdwlORqCP2Q,56
oFcQcmZJQ_k,-1
OfKSO0PplGA,-1
OgGFPEcp5Ak,3
ogi5pTUv9VY,17
OH6PQVmnNzI,16
Oh9OZKUXL3U,-1
oHoFqwF2OAU,-1
OIgfQ3nBP7A,-1
Oj5lA7FfUkI,-1
oJUz-s5PhsU,-1
OkronGq4zmM,0
OkyNFwf4Nik,3
OLSl6Y9uJto,21
oLtU04bfMhA,-1
on5cMLzePys,38
oNKV6AK4epw,3
oNq6I0KPsHs,-1
oOz8R4QqyPw,2
Op1xW6eKEbU,-1
op3GoK1oBus,-1
OpdYAlQLFs0,6
OPoF58cHBXc,19
oPSrF-WIvsU,6
or6A1Pl04ss,6
ORvjBPtp7NM,-1
OS2Djq6b54o,-1
OsMwS82_9vU,2
Ot4ojgFArbo,-1
otCj0c9mMTQ,-1
oTIqAFGc9iU,6
otKfeRzwMe0,-1
OtqUmwvBDek,-1
oTrCLOyoRq8,19
-OU9gJ3vzT8,26
oUrkfSzpt20,19
OvAFlWXwGyE,-1
oVT2haMf7Bk,-1
OVXA0I4dR0A,55
OW08NoTQI1c,-1
oWf_v_sSPuw,27
OwlXbUYDf0w,0
owVcmRiIfVU,-1
oXeED-kYowo,7
OyzwbJ9jM4I,1
ozu9Jd_Fm-I,-1
oZZPCuXjsYQ,-1
p02xTmgRGSc,56
P0lR7kg09QE,0
p1LTW_E3SSY,3
p2contq5aRg,0
p34SaluKjIg,51
p3ymUXFW2_M,38
P3z8NdGhuks,-1
p4mR7WIuhr4,-1
P6hQoANEM9A,-1
p6UCLe-QpYA,46
p7_EitbHNHI,56
Pa51EGS7Hnc,-1
pae9vn_bl40,-1
PawNAVCZN00,4
pB231fwy9dQ,42
pBaqMZW4gcw,1
pbxU_v5kR8A,11
pBXYwVEudj4,19
pCJ6VdLqxK0,2
pCmm-sJjZkU,-1
PcUXCzQrhTE,16
pDB1ip_uAyc,7
PDTPg_qKvn8,2
pED2p6Ev4ds,17
pEWbCTt81so,28
pF_rJLeEFPw,-1
P_gCiV4gjKw,18
PgfbuE63HfM,37
Pgm1fQJtS-M,21
PGVDwSJL5dE,-1
phTTGIEUX7w,51
pHUfic2uENY,31
Pi6HUTcUO7Q,-1
piFjKARAXr8,-1
pj8AEjNE6VY,-1
pJNIiGAvxaY,11
pkKt_sU2hsM,15
-PkWDCEYpGI,5
PkXMKYAsZzw,-1
PKYCnnNnB5o,-1
plIzMkPhPGk,6
PlPwoLBKxZQ,48
PLzGwpfIivE,10
pm0V_66IBvc,9
PmGIwRvcIrg,13
PmRsqT4_42o,6
Pnm402sKYPA,-1
poEqIZhNcTw,-1
PpRA4kDW-9k,-1
PPVxFeMufOs,-1
Pp-yCnk73-U,-1
pqMCdKH9oBQ,11
PQrroNULwSc,2
pQx3JvGVdY0,3
pr5pOitQSIU,16
PrDsm7kzAyM,22
PR-VSLLJF6g,-1
psEVc8Y64HU,16
PshTkUi1lpY,15
Pt_LII43CFE,41
pTzPCvTX10c,0
pUMsLQ2ExaE,56
pUOxDODDGRY,6
PUptqsTB3YI,-1
puSYekk6_HM,14
puYFqUL_tWc,3
PVcRsaVvgH0,19
PVka4Hd_D38,25
pw9ukbOi59g,14
pWCLlCE3PXc,17
pwptE3KmKuE,0
pWsnc0fLlZY,0
PXBFIKpRlpo,4
PXPgN17z964,-1
PyCSEt9nosQ,27
pYyuaJ584oc,-1
PZMWdRnm8Wg,0
pzOERENzeeU,32
Q0Wo1h8tOxU,13
Q13Uak9gTBo,26
q1yveFEoghU,0
q225u22Qn1g,26
Q2qo3jfP6mw,-1
q3gJpM1zX5k,-1
q3kbXwKOstk,1
q3qi-a2FcQ0,-1
q4HzOLveB8M,16
q5-baYkzjyo,-1
Q5hAOk13tRA,-1
q5NkUPMDoO4,13
Q62r9T_Rw34,47
q7BWtV0I8Wk,-1
q7c2pVEvBac,34
Q7OX3cZ3cpA,1
q87zE7KsAvQ,27
Q8po4a9pZDQ,-1
Q8VM8m2V-Co,31
q9E69XouhCk,23
q9EWTO_7XYM,44
Q9hZJBeVj9s,14
Q9ih9fL8gxc,-1
QaBjMHOzXEc,3
qaLEmSXXvIo,-1
QBIgu3sv96Y,36
QB_JqH_EpKY,-1
qbPpZCjeur8,-1
q-byTf9466Q,-1
QcUl1dJZkJA,-1
qCvYpfQktjg,-1
QCwqtCoQtpQ,-1
qdgJP1QwkD0,-1
QeIOll0IQ9E,-1
QEsc1ObYeFk,10
qF3Hf-rUIiw,-1
qg0H8xhoVi8,-1
qgzW3x5GxBw,-1
qHaNUzgWNl4,0
QINAkbBrFKw,14
Qip1trjMbK8,1
qiSQ1pCvXz0,17
Qj7QGthvAdk,-1
QJvHglNMsqc,16
qJYhra8JlAc,17
qkaPV_VLyrA,14
ql5sWIEAcFw,30
qLSOHCnpA5c,27
qM1h9o6kIrc,33
Q-MCpOCOhX8,-1
QMF2nXsMreE,1
qnAMt5D8fTQ,57
qnkiGNyuny4,31
QogYeAjYb88,8
qoJXryOx0uU,1
qoR72-aM4mI,-1
QoX-hSCZX14,-1
QP5mo-JLWCM,23
QRtq2boQq5c,21
qS205o-LlLg,26
QSl3maBt7lw,-1
QSR3P9jayPo,32
qSxswEcBQws,-1
qT1sVLArGrI,1
qt21oWluBjs,28
Q-tiTTvkHpw,23
quj1DHa_8Bc,4
QUjYy4Ksy1E,43
QuPbUkDe9iQ,22
qvaB2d5yDf8,27
qVnA5LN3iSw,-1
QWbeiAt-gXg,-1
qWD9eekT0tQ,56
Qwe-LCxAYp0,43
qwQrwPhK06I,-1
Qwu_KIEt1dM,41
qX5_JLl3wYg,-1
qXaXB3-d9Aw,-1
Qxqn1sy8PBQ,16
Qy0uP2Rx55s,-1
qyramLcTM30,-1
QyWGvouCaYk,-1
qyXiJPcc6OY,1
qZl8CPCremk,54
qzONjjc4wQ8,-1
qZOzHOSTIsc,-1
r0BZK5doqRg,-1
R0pr6yBzGc8,44
r1BLGVgB3WY,27
r1C5ORBGXRM,52
R1V94J_Skwo,16
R2rZ5rriVLU,-1
R3eRlZK0yxo,22
r3Gn07bVFBY,-1
R3OUpqMnWjo,30
R3p7lZzzJso,0
r4CRYVbIkTM,25
R5blEEWWuEw,6
r5s2wxt-Or4,6
R6DRjUYQpCc,0
R78f97Lu0G8,-1
R7gWp3BHbOY,33
r7VkQupOQQQ,20
r90eeUyJCAs,-1
-R9tqb11gL4,-1
R9ykreOVIWE,-1
rA4zectrEOo,15
raFiAHMh5dI,9
rbA4fUM9n5U,-1
RBcDeFc_DeA,31
RbMRUattUB0,8
rc1nqXuukAU,56
rcCRyY8YkNY,-1
rCFeRzOqPcw,10
RcM5tix996s,3
RcnjoCeekN8,39
rd30sC8Aspc,-1
Rd34K04ktEY,49
Rdk-rQRU5og,2
RE5bxZFcAn4,-1
re5ev-iSDcY,0
RELVWno3Ulc,-1
RfL0H9IiU9s,4
_rg9khFFTe0,44
rGFK1DAgal0,-1
RgGL88_6l8A,14
RgkluvWPmeY,9
RGqLbCFM7dA,3
rGUsOt5K_uk,-1
rhDd48d-YvI,9
rIc49qbpBAg,48
rKJf98jdxz0,-1
RK_XPzTvcgQ,-1
rL25sKpzaGc,-1
rl5ABIkYqro,49
RlCmddyDeTI,25
RleHi--swsc,-1
rLG2Yo7IEBQ,15
rL_ougiNTYA,40
rlRmn9oiytc,-1
rMnefv96k_M,51
rN_1VGkRkYA,1
RnccKcN82Dg,-1
rnHtBTCdgyk,1
rnQ5b1n1eeY,-1
rOIkbBhG1dI,0
rOi-SrJB6vI,-1
ro-MOEpAFwA,10
RPzV8fWmKPY,-1
rQ2xnThRGPg,5
Rq6K7yxaNaM,1
rQTXiQcS5Dg,27
rr4LjzbFd1o,5
rRkGQA94bA4,-1
rRthWUrrpu0,-1
rShhsoxT-N8,-1
RSL1wyIQXfM,-1
rT5PN7IhyPc,3
rtfJLDlqAho,-1
RTwk_iHOZv0,-1
Ru80qWnz5SU,30
RUePwWspKHI,-1
RUMw_JqQh4w,0
rUpZj2G-m6o,9
RuRFrs61fEo,-1
RuSqQR1xlRA,-1
RV2rOI0ewhc,-1
RVt9bTXoiwU,-1
Rw3BFldM1ec,-1
RWbr9zOOVbQ,2
RwIx9lii4ns,2
RXaXLTmZChk,18
rXgv9EL3esg,0
rXuNsfaDqgY,7
RXWUO6Bqdc8,28
RXyJklbroM0,-1
ry0zG2n0Hyg,-1
RYfoprQKAj8,16
R_yk8glAufs,49
S02IS0eut2w,-1
s08xYtHIWPY,4
s0aIkMohDTY,13
S0ud9-UGnBk,-1
S1kQUpPtsGk,54
s1Swy_6_5y4,42
s2A1Km4Utjw,-1
S2BgN6Juc3k,-1
S3fPGFG87NA,-1
s3krClKjSUE,-1
S4KRI8o20zI,23
s4qOx7l1_ww,36
S4trto_34Gk,-1
s4xggd1zfYQ,11
s5cjlHMkOUM,31
s5-k0ibNFvU,52
S5sh14Gk0c4,0
S6kRGJlugiw,40
s7fjjhZuhms,-1
s7ywhZ4ESU0,26
S9234xZERbs,-1
s9LxUqvMMYw,-1
Sa3XVvbruXk,8
SATPpH-UNek,11
sb4j96fIL0M,47
sc3ycMvyuoo,-1
ScS7dEFVh94,16
sctts1tjQ1I,51
ScuGKDgdxaI,37
sDa30LoV6Ec,-1
sdeqYQZ3t5U,18
sDhhuI3VE-Q,14
SdlD8Pl4T5E,-1
SEGzDIA22Jo,7
SEQnFXc_QQs,-1
SfxUsqZAFWE,-1
sFYRYSq64FY,30
shg00NH34gU,0
sHQ-rEcPQSs,-1
SHZXUMP_hlU,-1
si7XcdMQUQk,30
SiAj1KPt-eM,-1
SiFlnf--5EA,11
s-ITMcC1JNg,-1
SjB11PaK5ak,1
sje08Z_K1qA,-1
SJjegKr9XYw,-1
Sk_AQzcdlrc,-1
Skn4ddl5o64,-1
sLbDESxRuLI,37
slBuncIkm4s,9
SleABv6Gs9o,10
SM1-bF1Wz2M,-1
smbIQ7XBarI,-1
sn4ic7ftesw,-1
snRypGclQWQ,-1
So7hE1Ba_QA,5
SOb_JbbyCIw,-1
sOPyJR0pDxA,34
SorzQMxThIo,3
sp9JT5l9bRg,36
SpP5GEs7yMk,-1
sQC0jfH_rrM,43
SQpxWpq6TAQ,56
sRbh9-Lp3lI,39
SRlmUeDc8Fs,50
srTSQRKH_wY,39
ss7QOgJJlVQ,-1
st7TPJWNWl4,43
STt2l3Z0T_g,-1
STTNckJrJ0g,10
sU5Dk7fi9go,-1
SUgJdsTCs0E,0
SuuA3zsjY88,19
Sva0aSeGu6Q,-1
svD71EJWOBU,1
sweiJRe7B08,6
SW-L6wVEHoY,9
sXGhT4pJcj8,-1
sxhYZ6sHa4k,20
SY0BNyFeQ9Q,6
Sz9bg3GMNGU,1
sZC8tkYjFxU,9
_t0jCsU_5v4,32
t0kXgWxT-tY,6
T0Sko40C7ow,-1
t1phiNOJtk0,19
T2ke5iJ0AAk,27
t2ncNPVAMpk,-1
t2wY_aenuWw,-1
T_31hFh1XKM,5
t3Acu22d5n0,-1
t3l8_iYA7rk,9
t3vblH6Q1Cw,20
t4ZWfTarZIY,-1
T5yDfN7eGaI,0
t6nRYNia1Po,-1
T6p_tY5xjTA,35
T6WYNraczOE,33
t7DMw_JJLT0,-1
T8c6vN6DnEA,14
T8mkumtSZds,22
T8tq0xiOwKI,0
T8u25zHD6vc,13
T9Ak0bSySo8,48
t9gLFGj0_lY,-1
T9Kya_eZ-P4,33
tAFoBIfUsxM,13
TAiMaC4-pKA,11
TANWZC_q2NA,-1
TATiapf0tF4,-1
taTuohSr9iw,8
tBB-a2tRyvI,-1
TBIfyh_lTlw,-1
tbjTrR8yeUc,-1
tBOnTDlcSpA,14
tcffRCn-WqM,-1
TCN1DOYW86g,8
tcXCnYs6s_U,45
TdltLVB_VzY,3
TdnkU2OZwV0,41
tDoCXVI77KE,38
_tE4uN6LLN4,10
TEadDxJ6W58,10
tEgQA18SFio,-1
Tf_7svuy9gA,32
tfbM6vYsW9g,-1
TFh3DjocPLY,50
tfnGGMgPn1Y,-1
TGAmsPBXmVM,-1
TGGwCG6AFz4,-1
Th4PejGz1Ic,6
thMtsLXDUtg,45
tIATzLf-y04,36
TImmiAS1USQ,4
TJamRNZ1Q_M,4
tJCXwNrK700,2
t-jNwBNXeJY,2
TjTqnjILCmw,53
TkIZ7XkKyHI,1
tLHTHSI2gv8,18
TLignTQm5iA,1
_tLxPkbXkEc,-1
tMcCi_nA6a0,53
TMCWVSR2qxs,-1
TmG4sFmSWVo,-1
TMjCJLbsCE0,-1
TmPjGyvELRc,2
TmQSN_Yq0uQ,15
TMwYzYXhiog,-1
TNE9WSSH2J0,3
tNN7gX1KIsQ,-1
t_NRIVq2vzM,-1
TOra1I7Fods,2
tpfBu-PnWJ4,5
Tpl4caQ7kCI,21
tpTCbZbotTI,15
tQ0bpBXSA2g,13
TQ3YPuOo1LQ,11
_tq6FHP9iXw,-1
tQ7hjxKLDas,1
TQO7A6vInv0,57
tqySbPgiFBw,28
TQzCUn_TpUc,37
TqZIlDlnkmw,7
Tr3D_6sFoiI,10
tRkvDgIo8y0,-1
TRsEi1Ce-XA,7
tRWX21lW_bU,4
tRYCnJmLNZo,1
TSBd_Ku1Zf0,-1
tsjoyXujY9I,-1
TSM3X-UfEHM,-1
T-sphXaWLCI,-1
TsPPYtM6-RE,41
tULu-lYmNtk,36
TumgOCSUsWo,-1
TUvTP6VRuKU,2
tv0pytOc2Vo,-1
tvpDLpCf1jU,10
TvRtVuwcrnY,24
TW0ys0M9Lig,-1
TweW2IRSl_E,-1
TXgWpjoFe1c,42
tXIF_DRW2Sw,26
TXnVcJ0vGbI,36
TxOsUzlXTGk,5
TXz7K2bHMqs,-1
tYxdVVzTZ_Y,7
TZ4QETbc3h8,21
TzCRB0olZdQ,0
Tzo_s9q4fwM,7
tZu4Gg3fDEs,-1
tZub0X8dl9M,-1
U0jyfgdrsmk,0
U2YJFMThHxo,18
U3inYgHzqEQ,1
u4E0BeqiFaE,14
U50YDViTBSk,-1
U7aCErWwi4I,18
u7BBdM0SKgQ,8
u7L8ooioBxM,-1
u7_lORO5mlo,3
u7TfJXkDh8o,12
u8H4_dz1_jY,4
U8jgr2tcOeY,36
u8m7x987i60,-1
UA3Lf5Zynk8,46
UA4THZ4ahzc,37
-UAeSxgGmL0,22
UB51knNPiDk,39
UbGZaGzWdfs,-1
uBiCK84EW38,6
uD5A8O9shuU,8
UDBHegKf7oY,16
uDDeves6Crs,-1
Udo0k_-iC1g,41
UEc2Vkwy_TM,8
uEEfeSuD_Po,16
uf8bt6fGQyA,17
Ufn_VvEXtRo,57
UfpZZeRen1c,-1
UGPpXYUcAfg,6
uGU-lklyu-I,-1
Uh0VLF4p7ow,5
-UHnJ2NYSRU,1
uiAy32EzXFA,-1
UigGWCXzWJ0,24
UJq84bwVJYc,-1
uktaRGdY-IA,0
UKUfMCv2id8,0
uKxRYH1ZC5I,7
ul9UJ-YoOFQ,-1
uL9xJkYXX7s,-1
ULJ3wJ5GNBY,48
UMbzbaoivdM,-1
uMJAXBg3qos,-1
uMK4gdR7c18,1
UNfXKlfsXto,11
uNIOA-djRLU,45
UNsWI3ZnZqM,4
unUt3qyluDQ,-1
UnwZvHzGL_k,-1
UohoxLEEGPE,-1
UOLB-4MbrSw,57
UOpX18ey8WQ,-1
UPf3outcC6U,-1
-UQ2fZ9o2f4,43
Uq8bxCVA7h8,40
UqMBSQwDdnA,20
uQxC4k336hs,51
UrQxLp9Ee2k,-1
Uu2vnc7nrlY,17
UUC8qF5iDag,35
UUNW0s0eUCU,-1
uVGuOTQ4gtI,-1
uVlZo2PO38Y,47
uVVxkWhdnUQ,28
Uvy52QhxWOI,29
uwd8jyhw7vA,0
uwt5tWBHKoI,-1
uWZTuYuC6os,12
UYBWMkH4X6I,45
Uy-n4MXx-DE,-1
UyUirzxxkZ0,0
UzT0iCprr9c,-1
uZtRU4dfbGU,0
UzUAhehTSbc,-1
V15UBd4Nlhc,-1
v202nRkphXo,-1
v2VlaEjY7nY,-1
V4ta_jcw5zY,2
V6iqYtuIbrY,25
V6VAMw8o5lU,0
V8DBP3p5Eqc,1
v8Ka8XAeQ_I,-1
v9D11_K5T8c,-1
v9Z0sDvH3jo,-1
_VauPovzNo4,7
vb1e-eaenxQ,49
vBdgpxqYkQ0,12
VBifDZwPiI4,4
vcBr1LQyMmw,27
VdM7GUvvL9Y,-1
VEBDy7h_2y4,11
VEJuXe0oT_8,7
VEo8za2tYrs,-1
veQdF0qOjfQ,0
vFoG5FsRKHU,-1
_vfpl3Au9s0,-1
vFT1qbK-5W0,-1
VFTTSuv906c,13
Vg69e3Si66Y,0
vHIuP8IcUEU,-1
vhUa7V72H5s,-1
vhurfjC72Hk,5
vhW92-LbCzI,0
Vi0V6vtrOeQ,4
vILLLhJtURA,-1
VjHb1NJ_SAQ,-1
v--K1gevJPM,-1
vKh38_IOjpI,11
vknr0JnEgAQ,-1
vLgYAPpPlDI,1
vm01Yx8yLVI,47
vMtQnKW71EM,-1
VmYXvkFZ664,-1
Vn0yE_1ezWQ,-1
vNh_1YD40tQ,1
-VNhuxd_DUc,-1
vnIt8g9MpOw,-1
VO5d5rSVByI,-1
v-OKV30FkzY,4
voSPXSxBkZ8,2
vpN2AGEuTHY,3
VPYOY6JquwY,-1
vQesPGQciUs,14
vqhIx2nyFVM,-1
vSWtimAcmWU,-1
vt584zeZh9Q,-1
vt9P98sZZog,-1
Vtc-Ji5o0OI,13
vUe0whPgUWU,6
vunPCeoynXk,13
vUPBzXnoWAo,-1
VVHIJw-Bosk,1
vVk7D4pwlfU,-1
VVPHVLTzOIM,-1
vwM9dv01SYw,14
vw-RHJ4rHhw,-1
vYNDy7URD9o,0
VzLOnClSVvs,-1
vZxKgjI-BrE,-1
VzYFzZ_Jmlk,-1
W1aVOyC6uAE,41
w2an158r8zQ,17
w3PoGYrd3NU,-1
w3x_NZXNSys,18
w56da9Ch9tY,18
w5HhFDIoNEs,-1
W5SKxUwvJN0,49
w5UNl5OJLDw,-1
w62TfiiUmFc,0
w6xKRSWTJUg,30
W7NDHQxXHyo,4
_W7qCfaF7s0,11
W96w59m8N98,1
W96yNjU_KFE,-1
wa9xMLJ_yHU,0
wAO6iJp7OB8,-1
War-J246hxI,-1
Wb-2acNvOj4,-1
WbOKu3sGU0Q,24
wbsNjmDGtPU,3
Wc45JanI0QM,35
_WCdacI0ok0,44
wClbvzN8VlY,16
wcOZAwZKC3g,-1
WdM8r6R3FfM,8
wE6lZUwjtHg,8
wEPZPRhNGGw,34
wF5lt3Pjils,36
wFpDizuIOig,8
wg5gYiKCLXA,-1
wGuMNUC14W0,-1
wGxure2qGt4,4
WhfssxI2m7I,-1
WIwcvBlyl0c,50
WJK3w5E4omY,3
Wk4fybrnUEY,31
wK-s2qBU40A,-1
WKwNjGrPe_g,35
wllgjhJZLRo,24
WlQtr6QfxE8,-1
w-MB1PDThEg,-1
WMEej07FEv4,-1
wmJJuk88r5E,-1
wMPTyjl-jvc,-1
WNa3-r0dt8c,-1
wO2zso1Kfxc,-1
WoTP_fu_8jw,-1
WpoYqs9Hsa4,-1
WQ5bkdFuFhg,-1
wrfUqZdBB1s,5
wSDTYTIJVrs,38
wsGrMgtsKOs,-1
w-SJ74PiIKM,44
WSTik_3je8E,-1
WtQ8a-oc1lA,-1
wTW2qwjeD_g,-1
WuKeZKIs9_A,8
wV2ilRy4ekY,7
wVkZ-P7xL-s,3
WvUgSwgit5A,2
wvXMLR94iQw,-1
WwNhNBeVpdY,3
wwYVOgwVaMo,9
Wwze8kV2JrA,20
wXlNZ5AMqLU,17
WXvPzYRNpCE,31
WxztYqyjTn8,24
wYaIUWE6-nE,7
wyiTc_3F6-A,38
WY_k3WkQD9w,-1
WYpBNkq9XXo,-1
wz58kYud09M,37
wZbjtM7rG2g,-1
WzpGlsguHzc,-1
WZUOnhpqFAM,27
x0Tq9NmXksw,38
x1NVTCvErww,14
X3AHNXmeOYQ,51
x3RGdhl7-NA,8
x4UMqwsLaQU,3
X5N3YYqtJ_w,-1
x6nrioW0_Co,48
x6NSpxthHw4,-1
X6_R5xmq-RE,4
x8RSxF5j6OE,-1
xAgrVgw2S-c,-1
xaICKlp9kQc,0
XAixodBCZ3o,9
xAOFlEXbeRI,-1
XArRsEpryaQ,24
xb0ZpPZS_XE,36
xbqBWhDdVok,-1
xcEVntNv9ik,-1
XD8l8AJzLMQ,-1
xDK6yj2glGg,-1
XEb89CQJPO4,-1
XeBksMzsQKs,0
XEsK2sTiBuE,-1
xFtTf_D22_I,8
XFVrxndqfSM,-1
xFxl8V8TFeA,18
xgCx86aGCg4,-1
Xge957JuWzQ,1
X-HAW94b0uo,-1
xHmDJyVT3g0,6
Xi9zTVM60mo,32
XICFqibVbGw,2
xicKh0fPzdE,-1
xIWYVU7OAZ0,3
xkd36cJ6Z78,-1
XkOTwizxo2Q,-1
XKXObJknvh8,-1
xkXpcs_an80,1
xLe7WIGyLNA,5
XLPWuP6L2Bk,-1
XlzSx3kbR4c,-1
XmLdokrhswA,24
xN2S4t37lnc,0
xnGwgxOL4AE,53
XnTpuZrE6Co,-1
xnuDmmDu7is,-1
xNWjEwtNMrc,18
Xob07qBNYJ0,-1
xoFkAui7_vs,30
XoJ-qfTAIjE,-1
XOoFuiLeaPg,12
X-ot9682-1w,-1
xOVEkogq5QQ,10
xp6Uhgpvfgs,-1
Xpc5UPxYlks,-1
XpTutIEyDVI,40
-xqPVxsFdP4,-1
X-s6WeLOOck,-1
xSBGYoS6z68,-1
XtDBtmE5Jpo,2
X_tiJDYgSXg,-1
xtZ8QHoccbc,-1
xu1UYsVNubg,-1
XV42dRrHYaM,29
xV4rI8bo018,-1
XvrtrqPVhIk,-1
XW-02QiiHDM,15
xW9H0s2PcoA,55
xWJEuVt0JRk,1
xWtY6fcn1hM,37
xWxXyoOil1E,19
xxB2KilQbSU,-1
Xxb-HovgjjM,-1
XXg0a8pkHi0,-1
xxvMYGT23Ww,27
XXY134BXZFg,-1
XY4FyYxuVu0,46
XYG1R19erOA,2
XYprU-pnX08,22
xySZ6OulWeQ,-1
XZdDtw6ObWE,18
XZn_BoSg3cE,5
xzOrZtAbbBo,-1
XZP7gyFbhjI,20
XzsQuH03Y9o,2
y0p6uwvgvwE,-1
y0wziXfR-Gk,0
y29TVZTbA8g,37
y31i_FXNQRo,-1
y3gW3abT1hI,34
y49PZcSSSiU,2
Y6XCoeh7rBA,-1
y7UjKdsRQQs,29
Y8uf9Pn1Ttg,14
y9882cM-bzU,-1
y9J1IWYuRYc,9
YadPnNRO7_M,17
yaSKT2w98M4,7
YB1F_b2kIFM,39
yb9wTLLr7Ls,-1
yBYrzluRxRI,-1
ycft2j9dcz8,33
YCpUzMVlMck,-1
YcykHkR7HQI,5
Y_DAF-eA3Ms,28
yECwJ3TsQBs,-1
-YEoDAu1ET0,-1
yEsFPaOQKoA,4
yeStc2ZuuOs,-1
YewHIMDbUuI,7
yfWVQ25UmEQ,-1
yggpR7LphVQ,-1
yGJXaXxGamY,-1
YGLMSgGCIPo,26
Yh99stRNXzU,-1
YHIVYeL-Tk4,-1
yHoByyyHJ8c,20
YHpU8Wczxhk,7
YIIewz4ni70,-1
YiUSQzV1Aqo,19
YJajF0nGHW8,51
YJllOC16ihk,-1
yKDb-ZiKkeM,-1
YkzSEUdC70k,37
Ykzu99TXeNo,32
ylCmKnpw9Aw,13
YLO3XpPOEP8,-1
ym9L4uKJ4rk,13
YMdSke_c_DM,32
ymiCMQlg_rU,27
YMWAQh88UtY,-1
Ynew5KSbAQQ,-1
ynLJYq7Kb6c,-1
YNOQzE1XTdU,-1
ypFlWqtR3TY,5
yph9VpjW6gg,12
YPuXFuGteXg,5
yQe3rCTos30,-1
yqHPyrZUJWA,0
yqLhrqBr0xo,-1
yQwzSgwiaCg,-1
yQX7Wh6_R-I,-1
YRKyliOVZVI,-1
yRVfuWHTP94,-1
YRwb-eUrso4,-1
YsBS-3azPsY,30
ySc9QaQuVKE,26
YSO_SBfjChA,-1
Yu7x4em0qOc,-1
yUGeyJSfJu4,2
YuK4qgJCyHE,11
YuLfFqPFrkc,28
YUSi9tzdNiE,-1
yV7woBdQXjQ,-1
yvJFPP5UgUc,-1
yWd96fro31M,-1
yWLCto4p_yM,12
YwM3brudU6w,-1
YXKoAaBQezU,-1
yYBzNQGiHp8,-1
Yyw2sXiptTg,27
YZk_OncFYu0,12
yzlBKk_ARjk,30
YZOpOS-rrXQ,-1
YZpJ5oiOJBY,50
Z0cImkA_eV4,28
Z0TanAMa_cA,-1
Z1NlyTN5ViU,30
z1ZQ70jQwz4,12
z2_0JtSfadw,54
Z2ljUOck2bA,-1
Z2-WRX0BdqM,-1
Z3cgPDFN7Qc,44
z3J1pCgO6zg,19
z4-LCiO2NNk,-1
Z4P40hzv7OI,-1
z59CGCaRpEg,13
z5hsTGzYk4s,7
z64O_jbQF9Q,40
Z6y59dMHQcA,47
Z95sgXx4rwE,8
z9AG7LsuVyU,0
_z9jJFq3Hz0,-1
z9NHG3ITA6k,8
z9uS1peB_v0,16
Z9_wJLQDa-A,15
zBgCRJluWTc,-1
zBLCejHG0YY,-1
zBy7EPCWBUg,-1
zCKxgx0T_s4,1
zd7efB-WexU,6
Zeb01BKX5O8,7
zEcAUMbGgsw,3
zeEZd5IJkx0,-1
zEInSm_7Ccg,-1
ZePeGr_IMos,7
zeUwxY8QM6E,21
zFfED-M0FcU,28
zfU-07duCHI,15
zfxl2y7q3SA,-1
zgfilIehooE,30
ZGLeVSYRL5o,9
ZGo-za5YmsY,7
zh9r78Wd0kI,-1
zHBilzHDl_Y,-1
zhDKyJM59TQ,-1
zhTYa9OiJ10,1
ZIH9sGnY72M,-1
ZJ5Ius0uasY,-1
zJ79HXyKzyM,8
_zjPKd_y8Iw,32
ZKNRXuZWYYg,-1
ZkRGg-jY44k,37
zktbKbbqGvE,13
ZlF6hjRjpT4,29
zM-J9_ddpDA,32
zn8vtW7Vaz4,-1
Zo3vcGS8YWc,-1
zot5A2ZFQCo,0
-zPhkUDoLYk,-1
ZpmgTBc53vI,-1
ZpZvAalAYI0,29
Zq1pkeubExs,3
zQjeHBpaDz0,27
zQZlvEaGW7E,-1
ZR6nZwW7AAk,-1
Zrm63LwN03w,-1
ZrZHCl7O-ew,-1
zSp7bLNEK-s,7
zT661Wj83JY,5
ZtnqqnKE4GM,-1
ztoA0NpguT0,45
zTQth_CeOQg,9
Ztw6V59x68Q,54
ZugwNSayAK8,27
Zv8JdXIHquk,-1
ZvUDY8Sr4ac,8
ZvYSHl52XWg,15
ZvZLbU3WtuU,-1
ZWKByRIDdMQ,17
ZWScHObePqk,-1
zxc3cF2Pifw,-1
ZXiefU56gPE,46
ZxPi2puIrzY,8
ZXsuvceD-Ow,24
Zy_kL5BZI4g,48
ZYOfFk8zZW8,-1
ZYR8oNGEt0s,9
ZZApD94HtwQ,47
zzemS-WPhMY,-1
-ZZg5l3lcAk,42
ZzRGEPw8MVE,2
